DW_TEMPO;invoice_date;Ano;Mes;Dia;Trimestre
6d7555d14b190f1e9e60a74f7b6ff54865168149def7ad94573fa6b880ee2402;2017-10-12 00:00:00;2017;10;12;4
d339dd97bfa9975edfc0cdc7d09c9f83e09f0f4472ac41a3ccca3ea961bc4099;2018-06-19 00:00:00;2018;6;19;2
b98bd8cf11fef7b9b27cb91c181685c88a40b85a2b6619e5ee1ccb8e7205112e;2017-06-08 00:00:00;2017;6;8;2
f6f366cef9150d9169345b62f0534fc8b678ac5fc167620cbcd64d9567ad28cb;2017-08-17 00:00:00;2017;8;17;3
91cd8a5322a00d928356a9b2d04644c15f42bfb7a3de80f9ba19b91170df5b11;2017-12-30 00:00:00;2017;12;30;4
e6dc988e8ccfa397dc5d3d2da8f7839fa2b766ef5514be252af06b4c8dbabce5;2017-05-28 00:00:00;2017;5;28;2
ea99f70d9754fb3b97a2c9ffca1ee5eeec0c4f04d4f5c95cfd127332fd1d9920;2018-06-23 00:00:00;2018;6;23;2
593b8c1b3a4f5495368ee3e21b9a28e9f3ed41761afc431fd1a2fe720f557129;2017-12-17 00:00:00;2017;12;17;4
023d9288a9e444d874c941fae65b5054eca5b13d4ec2537a5df3dd24a4a01c78;2018-04-16 00:00:00;2018;4;16;2
6038e60882468a34400669ce7d340ffc46fff250bcf5c00aaa9a8d92ded63c2b;2017-02-12 00:00:00;2017;2;12;1
653646fda8489c1437fd3e9382b0a8a76d0bce26b86d099e87af3293df6ec570;2017-04-21 00:00:00;2017;4;21;2
57b4c6817a4a4486c9ff0ae54d9d72864e634f1dc9eaeb89d252b208f5081972;2017-07-20 00:00:00;2017;7;20;3
2d9e9881720aebcc0deca9efbd4ccc2d413c2d838cca188b1755673656187981;2018-11-14 00:00:00;2018;11;14;4
6d5e19ef4379566331a487cffe4fbe995acc431cd7bdfb1fe9c88f4e3b66f6c9;2017-08-30 00:00:00;2017;8;30;3
9dab4cc6cacf3e2fe7ca23587b2e7704e2da67617ce06878d3bab546f3ee6096;2018-09-15 00:00:00;2018;9;15;3
52f31ecd01ee5186f6131c405db424463d3f48b991c6c4e239261925a66fc696;2018-11-27 00:00:00;2018;11;27;4
0a17d3e16cb65d837ad98a1b69878a8f227e704078268d7a5eb2660f03def7c0;2018-12-17 00:00:00;2018;12;17;4
6974bb9775e9c4305cbaf72ba80f725456d94582f26c1f228070ff89a8478b6d;2018-08-14 00:00:00;2018;8;14;3
181a85de4550c3ee5606bef6570d0a57d70c947b609b81b9b9f9be70e1195a91;2019-03-12 00:00:00;2019;3;12;1
49ed4dbf13c6049638ab64f8b37c235c6c46f884fe5881c7ca260abb20a1b90a;2017-02-08 00:00:00;2017;2;8;1
ffaad5bdc22dae431b1ce30a9a2bbdee0a306d43eb7a9490df7fe9353340cb28;2017-09-21 00:00:00;2017;9;21;3
9a58e53da9a550a6cee44e70cb2e0952ab7a275eee438d412545d1a67fabfae3;2018-12-23 00:00:00;2018;12;23;4
ec9e1e8210a8698895c3e032e097c34fbc75554ca3db99c9dda65c1e26074803;2017-07-19 00:00:00;2017;7;19;3
dbddbf2baa7da6a5911a5717bce24bd7050c00724f39180e828c2f1c0f1b85d5;2018-04-29 00:00:00;2018;4;29;2
a1079fd4c830ba6e85d8c8129f7cf6c8a1dd06b27d37da1742030168ae398d74;2018-11-05 00:00:00;2018;11;5;4
cdb3652e24a37c3e475314272a828a4783f4df5e2564c1a7de2a2ad423431e23;2017-04-08 00:00:00;2017;4;8;2
62cfde296b89afce3ddc20eee2fbfcbcd97b87138871122b23f2fa6fe0c8d9e1;2017-08-19 00:00:00;2017;8;19;3
19d5f8828c61da17d766c70f02bab7454507cf2450f98c8f59a83308c02ec0b0;2017-08-05 00:00:00;2017;8;5;3
8178ca2f01da90b8ac33d5a2921812a767509d55427457c0faf38a7a499ce5e6;2018-05-05 00:00:00;2018;5;5;2
df47bc8b605e73d2f87b79bfeb2d0125bdbe00505ec37fcd911ae8b04def3d31;2018-08-25 00:00:00;2018;8;25;3
6ec2924b221a87154f84de2569f1bf1d7c01ded44208ed806f3961c33d6b48c8;2017-01-26 00:00:00;2017;1;26;1
f633828588a5665368b477e616851591e4936a25cad1e7240f6ded32a86987c8;2018-09-18 00:00:00;2018;9;18;3
22bc183f674f4a0efef2aa164822a82760d23377c7d2dfdb98919fc4f05fb842;2017-07-27 00:00:00;2017;7;27;3
458ffe06b17533accbe65801c287a6f7bdcbafff4e51aa00feca93a05663d0a5;2019-03-04 00:00:00;2019;3;4;1
0abe560822ba60719f447b556476e51ca7c6c289b82aa823420bc32c17f75f79;2018-03-26 00:00:00;2018;3;26;1
4525778a05e3db3a482d54ea4cf7573ce444b273906530302c66a13a09703712;2017-03-18 00:00:00;2017;3;18;1
f77d6d09d928ab51b21031273a05b0d485f3e76207ee584fc5108fde7175e41d;2017-09-28 00:00:00;2017;9;28;3
50bccf44856b5d4ec1446cc33b40fccda0e65ae561f4c85ed89632cba4a14bbe;2017-04-05 00:00:00;2017;4;5;2
a61ec377eba3dfab09817df4ed5632f7236600b4ca7fbe10b2d8d2d85786af4b;2017-05-12 00:00:00;2017;5;12;2
e1492ea26c4bfddfbe515104008731eaea45e98d1670c919eadc400780988b34;2017-09-22 00:00:00;2017;9;22;3
2e194410faf453752f4c6221b0dc844abf208467f1785f066a4299444e6f819a;2017-12-31 00:00:00;2017;12;31;4
c67f19bced2587ee2a4e3988c2a824b00a670145e7eeecbd911b594585e8b37d;2018-06-12 00:00:00;2018;6;12;2
b8bddb27a003a2bc9d091513d39acfff01bde95ac425ce2bdfaf6efca65aced2;2017-12-22 00:00:00;2017;12;22;4
a5843c226b9f2ad584ba508c0d28b8cd5f760299b04c6396f500791fa9c4a7de;2018-08-22 00:00:00;2018;8;22;3
4d1b15d598b96abd915078b67ea9d480a6692541694d931fb4c0521f450c4892;2018-07-02 00:00:00;2018;7;2;3
feae05fd3daf0ed397d4fe7acad0c4300f1cff257cbb8840a008f385df740ded;2017-02-22 00:00:00;2017;2;22;1
6550467d0039c035fc840a231bb61c6703fd254d5622226a9eb83b4091aa0e2c;2017-03-22 00:00:00;2017;3;22;1
0c3f612ab11182784b3e749a2617b23fbe110288e296265da8b838aa68571bb3;2017-04-20 00:00:00;2017;4;20;2
0a3dd741c228a88f891db8c8da26344be957712205e68bd29fac0b2bcfbfce90;2017-04-22 00:00:00;2017;4;22;2
2d56d3c2f81f4b868ef73c5c89fd78ab7154c6a5ca3a494abbf7d28e3914b09c;2018-06-04 00:00:00;2018;6;4;2
6b553db03b535c1351251568ddb1cab3e35697f037f82256115757f721049657;2017-02-10 00:00:00;2017;2;10;1
36863b1d4f7908f3d1499b4dbb2be5c1e083151e96202381ba7a143e8fe0b8ef;2018-03-28 00:00:00;2018;3;28;1
55e162defaacaf651bc60e0752b65de6d9b58c573f6135b97123b324b4000169;2018-01-21 00:00:00;2018;1;21;1
c384532b249da4ab9a498df62233d00fcb56e30d043af7270365e3f1a7f97fa9;2018-09-24 00:00:00;2018;9;24;3
a4c118da86efe79c1006e4c9e62418bcda0f6960b3df07ebefff2ee2779bd62c;2017-06-18 00:00:00;2017;6;18;2
2aadf5d21493415fe190610682140ac6fcfc56fcd771bf6dc60b6db05ccddbca;2017-09-29 00:00:00;2017;9;29;3
10121f245991074174b74f31f788198e62a381b57c286a1f2cab9081c3597732;2019-01-02 00:00:00;2019;1;2;1
4248a012cdc7894bbce679e8c8bf396720ff38cd893a7c77941295b123443a2a;2018-01-07 00:00:00;2018;1;7;1
ee7890e17d52da2e0225ad0c12bfc134cc924895355a3ae38ac1eae5af09a7b4;2017-07-14 00:00:00;2017;7;14;3
6ccdd2bcbbcd26a8393201710f8b07e177c9943517bbce232b389dbab19381a1;2018-07-15 00:00:00;2018;7;15;3
a9dbfd59799cbfee85c2b63f27ca37376350454a7c97d3656ac2c72c1f75b453;2017-02-19 00:00:00;2017;2;19;1
5227e172cb1b9f856faba1ae2907058369e5bbf50b73bee05726c3271b01f802;2017-04-29 00:00:00;2017;4;29;2
0790bc7caaf85024a9d153ed6784d317d317bdb91e98a8117755ea32f274eee7;2017-06-30 00:00:00;2017;6;30;2
da9f83bd05f18cf1991625680ca327daa21bff741be4ac2b251bf379c9156ed1;2017-07-30 00:00:00;2017;7;30;3
b122ce706f67b18c7d32588b968ffec1481ec491be30f255ad46e33c30328f63;2017-06-21 00:00:00;2017;6;21;2
600909fcf3d677fc16c646cf2e0475f82086f1d1b4f2ad5fe6674dd0a0f97f9f;2017-10-11 00:00:00;2017;10;11;4
8dec7bdb22b836b50776c385633930dd71e7019130b40066225ec9a83a1ded1b;2018-09-12 00:00:00;2018;9;12;3
49797d3681f6ababcf70d81423eede2f58a7ba9864db6684b3928d0865a20833;2017-08-31 00:00:00;2017;8;31;3
d2eee9ab7a5c987137c7292bc31c076ac7270fdd2633a985fde945bde18398fc;2018-04-23 00:00:00;2018;4;23;2
153bb974bfd82f1a2efc8b28024df28d42bbf2075070a6c41221a7751de1e4a0;2019-03-18 00:00:00;2019;3;18;1
079b102156fbb8969aa720456a1008bdec7105172c5cffcb8e9415705907e97b;2019-03-17 00:00:00;2019;3;17;1
86814f8a8ff60552e0d59c08931dd0da66ba8eb99dda43e90d2088279decbd70;2018-03-19 00:00:00;2018;3;19;1
b8dee7154efd65edae3bfe746daec35424c9117219d2ebb61799e48de82d2e0f;2018-05-28 00:00:00;2018;5;28;2
abc33ca1485cf6d0e275f3e6c8eeb005b4fd380e0374c92445b1e92d4d7493ab;2018-03-11 00:00:00;2018;3;11;1
5d92e1793c4897fb11f242bc870e6d3487f58c2814740fb7770c7e740b5cb342;2017-12-21 00:00:00;2017;12;21;4
e507f4805810f3fb6e0de64ae4fc1c39fce1bc86caeb3406b1e870bc5efe8a58;2018-11-19 00:00:00;2018;11;19;4
42fb682b7143807fecb87742e0760e2d776e0093a786570b8394bd2482da3165;2019-02-20 00:00:00;2019;2;20;1
86772c038f50e0a4e15e8d5a73a099ca322254bed36dadfa2a5e2ecad5369f7b;2018-11-11 00:00:00;2018;11;11;4
255b35dd007de477069dd6d57a63207f941f9c8d28e862282e0c44b17cd2b045;2017-02-18 00:00:00;2017;2;18;1
60a682e66e3a67dc25865a03cb35702ae0b038315ee4aa652f8df44621cca141;2018-06-09 00:00:00;2018;6;9;2
fdc8c161217baeffab2ee8e9afc0401fe0d71c9fd835b963ec9d6d91550d8230;2018-12-01 00:00:00;2018;12;1;4
3ae6879d48d1a53551e36a0b07ef3587d16c1cd6397e9602bf840137fa415fd1;2017-12-13 00:00:00;2017;12;13;4
e663a29790e4ca2fd023abe9ea1e4cbfc4355f4eb283458c093fb288567702ea;2018-02-27 00:00:00;2018;2;27;1
287547d845bd60495474367088a98d228f97dd14475a8f557d0df75126606af7;2017-09-14 00:00:00;2017;9;14;3
83909966c25cf699178b94e816cd73c385a59cf399d00483cdb4eebac9f2fd37;2017-03-23 00:00:00;2017;3;23;1
d22bcce4dc1d929ca7c700ded839773f989bd064ae323a8074c4c79de0d7086c;2017-09-17 00:00:00;2017;9;17;3
803eec8f937ff660e5935cfb4f195b294f15985184c8257937fb556e1713e58b;2017-01-20 00:00:00;2017;1;20;1
3bbf4ead232a40809ea79fe03234f03f5f5fff3489ac62c6e4dc6e392e414624;2017-03-30 00:00:00;2017;3;30;1
22dc25429c577a7f845fa47be013a99c660a9c90ba4aa3faeddf7efb5e17840a;2018-11-20 00:00:00;2018;11;20;4
6e96670107ba8099e468a45d148bc05763fb67a2bf3fb19c26348045b10acce7;2017-08-25 00:00:00;2017;8;25;3
a4d77395dca7f005e5a2900539781d48b89b860d3f9ddee361b6f4db5cd0f9c4;2018-02-11 00:00:00;2018;2;11;1
92472854f19c035b88874e02ab1449ad5b301997380b8fd88446a9fc59d136a1;2017-06-15 00:00:00;2017;6;15;2
429724389fda907e5396652b1b7dd0a4bc2d1fffe9365e9f770c04032e092e47;2019-02-13 00:00:00;2019;2;13;1
df4b7cf9e9d4a5c54a3953a93f32dfa8ac907cb8851baf5e4dc79d683e395e78;2017-02-25 00:00:00;2017;2;25;1
97f27bbf7033068201ea2aa77b71fef063e93efcf03d8caafc25312332b2fc3c;2019-01-17 00:00:00;2019;1;17;1
3352f2602b667b3e3940d931bddfa2db2b9c2c1b708dfe9b10403f99e669409b;2018-10-23 00:00:00;2018;10;23;4
b1837319ad65040dc9f63992e3994c79bcbf1611959f99d40099bab274ff2273;2017-03-03 00:00:00;2017;3;3;1
5f5815b2a7d92bfaf353d97db5e1572327c76dae25188db411cd56f8fcab6a64;2018-02-19 00:00:00;2018;2;19;1
3d8aaa88e56ee4b70ea9e55aa02ad9c95382ab38eeda24d4f1668948ed9db969;2017-07-07 00:00:00;2017;7;7;3
dedabc10bcb618530052ee93a40f8a31ec96d294b19896ad870a296dccba9d35;2018-04-09 00:00:00;2018;4;9;2
a91b6ca091d0efac9e9fc2deaa005e33958b5e55576f2701c778440f938f0a40;2018-10-03 00:00:00;2018;10;3;4
a5d7a6438a17508ce2fc204fe2ef533c89cc77c420d20c5492b7e9f0b73868da;2017-04-09 00:00:00;2017;4;9;2
7307ae0340810808963151173225393d975f1864564378f47853a8acaa332865;2019-02-03 00:00:00;2019;2;3;1
8ab96d98f43c605e00f023a65bc3219cc074eb067136c0c97f4fbc5e4fad0c33;2018-01-29 00:00:00;2018;1;29;1
560cc886bcacf0b6cb5cda0ea84114ae406cda6a0f04f900684ca6728d6000e9;2018-05-22 00:00:00;2018;5;22;2
fbbfc3fd29695505e332d0e488af3ef5f6e214a9de34ac197a922c94d10318c6;2017-02-15 00:00:00;2017;2;15;1
1cf55985e9537b9903e9443df199a4cd4a2c48404d1a26ed4eb099e77acdce46;2018-11-07 00:00:00;2018;11;7;4
2dcbd02c271e6e8ba52120c262b8c437c80dc26bc784594fee1cbc7409b69d0d;2018-12-15 00:00:00;2018;12;15;4
d7f1d9ea1e51a45325223a4fcdb1d48adb9c861b69367aa4fb7da315f9f95055;2017-08-04 00:00:00;2017;8;4;3
5754c0b44769549c2cd311e9caa9329fcdf773e8313827cd0112c3a314fe462f;2017-12-29 00:00:00;2017;12;29;4
b1211608c984a863400cb4739103abdfefad06c41a181ad3ed08668c2988b019;2018-09-25 00:00:00;2018;9;25;3
cdf60784295a13b699d636ddcba3203d07008d81178d34fdf0cd4d8c2761f6e7;2018-08-26 00:00:00;2018;8;26;3
61b90e057eca964a34840f37d66970d5508e80e1d1b31b67d88c63dcd11c6a16;2018-08-27 00:00:00;2018;8;27;3
cef95d830fcee5ff59229c313dc8524050f07365dd9cab258f9b3757d6990b02;2018-10-27 00:00:00;2018;10;27;4
17c9739e286a40e041025a43166f23792d1cb7df87cddf8c58e3cb0c516fdb4e;2017-10-06 00:00:00;2017;10;6;4
adbf6185175a9b769e04695065e95a591acb5a4e236cfe242cb010510dfe50b5;2017-10-27 00:00:00;2017;10;27;4
265ae4870eaeb5c3ef76be468643d7cb12c4809953331100a0eb032cd02cbf06;2017-11-01 00:00:00;2017;11;1;4
53de84206f6901fbe99936e6017b1633b3bf202bfcf80e2b2e0fc2304f96f5e8;2017-12-10 00:00:00;2017;12;10;4
69ec9428d80eaa98e66da2bdd5254537e14022ed2a8d05f2ee2082cc3c210a7c;2018-05-08 00:00:00;2018;5;8;2
74170b4b05e150ccba238f9caebc4f31d28c554fdf81aba0aeab5eb3ba3865fb;2019-02-07 00:00:00;2019;2;7;1
21d8dc47d087ddbcc9eb8eb7fd80c5eb37ba3d4ac10a7a04890de90673dab179;2018-01-15 00:00:00;2018;1;15;1
c625aab832b39e4e4db247a12136f77f965961f9132224bd89ede9c6a9965992;2017-03-25 00:00:00;2017;3;25;1
bc0d3097a1bd62116b2e387f379c64ae0b6c2b6c8f9be63c14ea6e408d2a9b6c;2019-03-14 00:00:00;2019;3;14;1
76554f14f32888dc1a2e17cc40bfbab2b2c016bb2e3262d701d80e5039dad3e0;2018-07-14 00:00:00;2018;7;14;3
6e8a5556dc6c3ca15cd8ac0e0e9ed1c074261d0ffc8223c785ec30a7d54a02b3;2017-10-07 00:00:00;2017;10;7;4
d336f3bcfc8828e5c09fc330ffda73d5641a7ff4b23de07be713d3d7e1319e4f;2017-10-18 00:00:00;2017;10;18;4
a06d3f2def24c72db32d33f006d2c9c2297fd349746755f05af40e5406689d7a;2019-02-28 00:00:00;2019;2;28;1
a4153b0ab5b5587eec08d41e8c36950b6c06523c1e907513e8602bb1a4438f9d;2018-05-29 00:00:00;2018;5;29;2
0eaa347112a1faa3f7013c19c6999e40840e0b2a243ea1f30ffa391c322d0c56;2017-02-05 00:00:00;2017;2;5;1
f2e99dbd76289dbedf91421c8a147342fb5e8f8ed828dd8154dea2a798c9c006;2017-12-06 00:00:00;2017;12;6;4
ac7c5c572e9c4ae7c103c3afbfedd1105d5c933261d9f3cdac0e4ef75095a119;2018-02-15 00:00:00;2018;2;15;1
6b6caec76189aae703016bbe1544d572d0a64c31e91b80e449c16535b5f95ee0;2017-08-11 00:00:00;2017;8;11;3
0953bb33e93bc91f2642a461b88d06f6aa6848c2a60d4d704523566e26e996ff;2018-09-22 00:00:00;2018;9;22;3
96a44172bb1a61d2993ee2d2eed22468de7b55beabbee3a7bfb30348860aa02b;2018-06-06 00:00:00;2018;6;6;2
ebe48b9b153dd43be1aa9726f502bd8183a223e46fe1f4edb9b4772945434a77;2017-01-19 00:00:00;2017;1;19;1
b027da6695d55953b21cd6b008c6db8ad331744a957896be7ddad46b805e2306;2018-01-23 00:00:00;2018;1;23;1
96f4cc11d1ab21b124a6fafda0d439fa18ccff341c38bd187ce750b2d82c5ca6;2017-06-29 00:00:00;2017;6;29;2
b6831f12e30138375a814b65932fe025e0eebacfedce2e461682db83c7396254;2018-09-23 00:00:00;2018;9;23;3
74e00088ca7821ecf9cadf2d3a8aada0e2031a8369355d57a431936ac2b23dd6;2018-10-20 00:00:00;2018;10;20;4
208c79b87315c85a1699a0a7af23e1617223898f839120686b18fc88f780d0c1;2018-11-18 00:00:00;2018;11;18;4
b6fa4d9fa18de6c14575a108b170dc701eefec041507f742322bffdcb64ba0d6;2017-07-29 00:00:00;2017;7;29;3
98461c5ca22172aecfa4c197a5559fd678321a069906cd3f6454fc979d363a6e;2017-07-01 00:00:00;2017;7;1;3
51ab4ddbb8cbc00149e099bd6fa96f5aac92a11247e070e687681a91467d7a4a;2018-07-24 00:00:00;2018;7;24;3
12789b9bada4e5afeeb93764438ecd40134490850928d4cb5b8087a27befadd4;2018-06-13 00:00:00;2018;6;13;2
a7155e3ba39989a3a7538c3623aa9c2b292641c4e2e68b5a09b15f005f0c02b4;2018-08-05 00:00:00;2018;8;5;3
c9fa855bce76b9f909c4d1d2543b89531535928523ca3b305333b16a6973e561;2018-12-11 00:00:00;2018;12;11;4
71edff84f232e3bc39215d20420c1edd9f45c76725a8b8be33e70fa5923ef17f;2017-10-29 00:00:00;2017;10;29;4
9df7db90cb33cc6a43c445c7df16e853bf31fcd44832fd32550e20cbe6411133;2018-12-29 00:00:00;2018;12;29;4
72cfb88b09bd707985cb50c17de94e5bd3f42d0bc2a84b248c897b895621ff94;2018-02-08 00:00:00;2018;2;8;1
8d223b31d7f91a4a14d34030193483f101713d6ee73e823812bef62f15b41a40;2018-09-16 00:00:00;2018;9;16;3
f1e507695899bdfe3325b447825930a18c6eb17a0ffe7c14226dd61145022d02;2017-05-03 00:00:00;2017;5;3;2
22ad43358893cabfd6ab243722ae23aa6329cecf90549efc7aa3647726a33eae;2017-05-06 00:00:00;2017;5;6;2
f2c23237a9a8429aaa96d6a614eec42ae0729897ec98d992b356137fa09bbecb;2018-04-28 00:00:00;2018;4;28;2
b2a7749302fa88f790d446f229916a7ca9c81869f1026e6626f1a8c80578b600;2018-06-05 00:00:00;2018;6;5;2
f3b7f49dcc0db59e16cc9e8ab20ed974335aff175065a8bb071f4b905d7b22f8;2017-01-12 00:00:00;2017;1;12;1
6a6ffe1c2c927aee327fd1f172c866e2bb83badf92bdb3c03c23ef505289aa79;2017-01-29 00:00:00;2017;1;29;1
7d3c061b547b1204e556573217fbc5db43c977e92da58652f792cb7ab94035f9;2019-03-03 00:00:00;2019;3;3;1
b822270a1269c00b1c9ef9c2c6b8f0a788a9ce89b64be4922267f8d68486d965;2018-06-02 00:00:00;2018;6;2;2
c2fe98e899f0ec09139b2121eddd795864b58b6a305698542f696942e4a5c9e6;2017-10-21 00:00:00;2017;10;21;4
434ca76d7cea6b9e24bb004fb27c9f5af8266f7de6933c680f777f12202b9c4d;2017-05-31 00:00:00;2017;5;31;2
b600ba81e7d28c9267c837ca6d10c9a7f9bd9ffa409e6a36302fdabf15902d43;2017-08-23 00:00:00;2017;8;23;3
5ff74acfcad703128f979eafdf25e23a4b50a7fb34b689dfab77bca33cd7abc7;2017-09-23 00:00:00;2017;9;23;3
39212e4c0de1646ca3d1aa5702f16c25f0318397f663230b802d3b43e1418cca;2017-11-05 00:00:00;2017;11;5;4
1ca36e46365883d6845f1bba7322430eccc162884d02481183ebd3ec4c8e1605;2018-09-05 00:00:00;2018;9;5;3
683a6a08fdf7ec4df1671314c5367cf60139987033c7b60e502a3574a4d2e8c8;2017-06-23 00:00:00;2017;6;23;2
dde425d2eac32d4f2ff3fc97b96649a748fc677e32e7f3abeab4fb7d90d2cc9c;2018-09-17 00:00:00;2018;9;17;3
b626c19905d645e6a0ce18b63a1f992262639673080a09d1e9f04327f40fe952;2018-02-06 00:00:00;2018;2;6;1
837172d4c7e07d6a1778afec81fbae5dabc0fdb92c2a4251f0ed61281bbbfb50;2018-09-04 00:00:00;2018;9;4;3
25a6fd1c0fab201a9640602866eac50eb930702540a6289f422d5e84139553c1;2018-10-29 00:00:00;2018;10;29;4
0e872dff9c71734e46a5d3c6523e2f8cc5b024a8096ae29a70465ddcbeeb7529;2017-02-04 00:00:00;2017;2;4;1
14246f1e21785bd519dfa02239397fc5e4e100365a85ba40802c4a3184e6db65;2017-05-04 00:00:00;2017;5;4;2
0bd58b913b49dda6b908052c49d34170ee1d7f63af6b0623965cc9a6cc32c2ca;2018-01-30 00:00:00;2018;1;30;1
e6713e0718a91011e14f42e16c8d56b32b4acb050bd75ea3956c5661a3648a25;2017-07-03 00:00:00;2017;7;3;3
6ca2fb15521bc5157e0510e4c9a1e6869b2c40d2aa21455e9ece78a671ad2550;2018-11-28 00:00:00;2018;11;28;4
10268404a7f8ecda3491d51734660c517c1c67d597d5b96b6e6599b98ee075cc;2018-10-28 00:00:00;2018;10;28;4
e73357fea28afcd835515ed77f8124b5cb0e4e3dd2025e22732b6b731194b67c;2018-06-24 00:00:00;2018;6;24;2
bde9f7889c44d7aa19c84f8e0287c59222b529b9f927d2c36b49286106ee7aef;2018-10-13 00:00:00;2018;10;13;4
c7c058d3de6a0f7acc1bf0afab58954d8d3253f3deb8eb918ed15368254a407a;2017-02-16 00:00:00;2017;2;16;1
bbae115070f51de62af43707cdc06f58492ceabbf3388f158c2390a74630dd06;2018-05-06 00:00:00;2018;5;6;2
445ec33e39d31f02f8682677383320119f3cc3ca8cec707694148f602d15d7e1;2018-01-16 00:00:00;2018;1;16;1
1293595053e9709a789de97d6ff54a970b8751c000e572166c04c43759190abf;2018-02-18 00:00:00;2018;2;18;1
93d89e0ad35a4d5f2ab0764346a73878422ef7f826976359b0fe010d61edb07d;2018-09-09 00:00:00;2018;9;9;3
42d7fb9ea776f15f3c7e96b4b38321346c815d767b86d9e5d3c1dc06b62aa502;2018-06-10 00:00:00;2018;6;10;2
8c0f49d6bcf8eb03194a0f6ec0a512e44590020bde6f30eaccf18b4333d48503;2017-07-26 00:00:00;2017;7;26;3
3a2925b29685a53c4eb98e98d52109f22f3ccc67aab09b2369c639620eeb285e;2017-10-20 00:00:00;2017;10;20;4
b200b241147bcb54da6557e68df829eda0a026be30ed28ac7e5700c6ae05ffa8;2018-08-13 00:00:00;2018;8;13;3
9cb800a3ccb58aab3cb1c155193df2444b0992a23d7e949eed3e01ba3d49c3dd;2019-01-29 00:00:00;2019;1;29;1
7d3f0fb7d11289e0bc5423610270955f6923c63c0025d17d8ade0049ce1cadc7;2017-03-01 00:00:00;2017;3;1;1
b08fc09e1a91282f55b03e92ad19cc9ddd14af6911e12af673c177f2ff7e77af;2017-07-12 00:00:00;2017;7;12;3
202911caae614d0411151bb408492d9e7d3f9cc14aef966c39e5b10f22124112;2018-10-07 00:00:00;2018;10;7;4
0af37bcd3f36b797c45d582e7f2946b07b7252addebab7b9253083850e4d314d;2019-01-07 00:00:00;2019;1;7;1
bd1def00a14ce2c89b2df5b6fb9ac58ed46293e30510e38edc163473ad8d53f0;2017-06-25 00:00:00;2017;6;25;2
b6f405a35a911a7175e6403fd724e9e4ffc5c2548da5304742d3520693803ed7;2017-10-14 00:00:00;2017;10;14;4
6f7aa887661537ab79cef84def3b80b1a31a5f9bc75f7f80254d93ed48b7d7f3;2018-06-03 00:00:00;2018;6;3;2
b3f5fd8e978397bf44f1e145526665729b8401c9b4fc6af24b9c6fd9b5aedb1f;2017-08-16 00:00:00;2017;8;16;3
2604815bb56d390725c21c93ed523f212b64cc27eac99502156479ac7442069e;2018-01-24 00:00:00;2018;1;24;1
c7546d158009c64e55395ae1fa3f8c208ab3dd429125ec3c45a98c07fc11419e;2017-03-08 00:00:00;2017;3;8;1
103772d28caace8709691294423270af2f4f98e4a3d2c42ba4c82886935c7f1a;2019-02-25 00:00:00;2019;2;25;1
5831bddb9613f8c17f26b21442139a109b9b16ffddc9e85015ebfd25c764448b;2018-01-17 00:00:00;2018;1;17;1
b3b58da3d637a3e2450d12ec226a7a3d61a57dbae0e589ab8cd1b615f315fdac;2018-06-27 00:00:00;2018;6;27;2
883d625552a5f0e7a46cffa2ff62f954882ee9a8253449cd5ea7f373b98b71e1;2018-01-01 00:00:00;2018;1;1;1
73211300a15c6cebe011d83d9f4f65b0777307caf53a6fa5c433360c564b2722;2019-03-11 00:00:00;2019;3;11;1
648b87a9996bdc7c2c36c52ae946f609fb8b8a6cc3fc15983d28c4f0fcbf3231;2017-08-12 00:00:00;2017;8;12;3
aa9e31c07060eb85bacd7fa95129bb4cb49950d164fb6785390f6522e4893e0d;2017-08-20 00:00:00;2017;8;20;3
f4f8740c78602214d7b4566980230073a54c6fbc5c1c608f6dc30033a3b3b50a;2018-01-28 00:00:00;2018;1;28;1
2fab28d61f1d62c02b4d98b1d887229b2ab3ef31b1a932a6697bd9b6261357d6;2017-01-22 00:00:00;2017;1;22;1
46711ecc55238f33550de0be1caa776f3c216af58a259ad66e6cc936d7330fc5;2019-01-31 00:00:00;2019;1;31;1
804560181c3b4a9edea1b41510d31733daa28784a04e62567c770212c9b19673;2018-03-05 00:00:00;2018;3;5;1
cf4cb29719aa3f3ae33d922d26a0974a1545b5c7470e512c3b588a439877d04a;2017-02-24 00:00:00;2017;2;24;1
2b684640f0c30e4849b7f163a076aeaea75c689b9834a3546e6d20df09f4bdb2;2017-07-13 00:00:00;2017;7;13;3
0a5f830832ea06b523b28952d9623846a91bbc34f563269dfc849cf4e5c6aa72;2018-10-06 00:00:00;2018;10;6;4
0e1855cc3a3e24e30e230e682f76147dc8b2f17ec499f526a27eefa4bd74a672;2017-11-09 00:00:00;2017;11;9;4
26197b237ab16a5a51cdc5bf31c701f9f960202f4cc22a6e4337f2150a03a07e;2017-11-11 00:00:00;2017;11;11;4
4705d7cc212488095b5a9b83bcabc48e485b5745610071d6832da9571560e8c2;2018-06-18 00:00:00;2018;6;18;2
764b20f1d0409dce1a548f456264d4a554a9561cf9d3443086d50d6776c2870a;2018-08-21 00:00:00;2018;8;21;3
155543468f17378eab45390d146024ed690f0ca4a34138950dc0042ba59163ea;2017-09-01 00:00:00;2017;9;1;3
6093eb3b8e0f17b7df1b84d2aff7db5b0a405f5d678e3ed08e9be1c7d7c05ab4;2019-02-06 00:00:00;2019;2;6;1
a9bbddf856d196daf81dcd03857945c582ba1db66b763568f3b69682b882b5c5;2018-08-01 00:00:00;2018;8;1;3
55f920b991a6cb4470aaa2f488047eef6e3548a3fa5a2b387440b1e31960d2a0;2018-03-25 00:00:00;2018;3;25;1
68f9fc2031331ac1b8b2ed074fbfddc88557cad238a6bf54c0da80a9af9832ee;2018-06-11 00:00:00;2018;6;11;2
b9e296cb919719e8bafe49d14ec58ca23a60e1739032b2b67ea69e9f9f89cc4b;2018-11-24 00:00:00;2018;11;24;4
ad7eb51008b13aca8ab0804d05321ecfea132edd69361b6db446015f4ec0a12f;2017-04-01 00:00:00;2017;4;1;2
9b730a95d514ca08aef98c7dea8b6044708f034257989de6794cefbc0a1d740c;2017-11-10 00:00:00;2017;11;10;4
37db7836be32351afaf7bea2436b8edcde10e90a401dc6dea95c61871c9bbdd0;2018-07-29 00:00:00;2018;7;29;3
54054dbdad261d3df6340e49dc804b3366ef7a1921da38b00724263c9d08a8d7;2017-11-30 00:00:00;2017;11;30;4
ff2219969b774a457453d27c4c1a86c6cdd6eabb0dbf9ef1a71bd5d6c4a27154;2018-07-11 00:00:00;2018;7;11;3
f8b41c19f4b6cb6a35d2c1277768d90c065068dbc2bcde9c3dc2cf2824fb3f1f;2018-04-02 00:00:00;2018;4;2;2
28c80994137b1ee8ae8b01dcab4f4ddab0c9095f8bf25b98804dfcfb5d08032c;2017-04-02 00:00:00;2017;4;2;2
45ac1bc0a13ce82515e01a0c0d1e94c7b276e801e4e9ea3e1b485570dff21264;2017-09-24 00:00:00;2017;9;24;3
2344591d9415452232ba5264ef49d51786ee52a3d6661a62e22e3a386242f1e8;2017-10-04 00:00:00;2017;10;4;4
d3eaa17cd6defaa66a758ea5b0eb50b9ff66628cb0cb8ba18be694b550f6e752;2017-12-08 00:00:00;2017;12;8;4
cc985f93efaf54c508c42caef80632d28daab42865cd3ba28a4603914ec32e78;2017-12-14 00:00:00;2017;12;14;4
afbd6fdf8637d466bc782ffceec075b45b3797c0262f9387a9e5f1312373cf7a;2018-08-08 00:00:00;2018;8;8;3
60a637ca7b99f1bbc8cb7de6cea3bb1335f87c38109242468252eac45df66f0d;2018-08-12 00:00:00;2018;8;12;3
9b766f9b24603e63964d1eb9ead5e5fb2f93c719ecc2687e49a062221f71db54;2018-03-14 00:00:00;2018;3;14;1
fd02c326791140f0cebd9c753c3bb859e94342c7993c122668da4c88253c909d;2017-02-26 00:00:00;2017;2;26;1
99b1ee5eaf6c26d79f7d56927cf9f431213c10a1e030ae22c116fb1e3a3c7f45;2018-02-28 00:00:00;2018;2;28;1
9b23b160f379dfde064d0217dc02a42d86dc8e95fcf42b4f27fb12ca0ea48217;2017-06-19 00:00:00;2017;6;19;2
c004fb0ae30bb3ad1a4e8c86491fea94e4f273968f4a82a9a9ef048a2e1ddb70;2019-02-19 00:00:00;2019;2;19;1
62cf89a05bfd0eaf570af10cd964bfe4b9444614baa2f678e3344890d6ea62c9;2018-05-09 00:00:00;2018;5;9;2
2747f077f0227d6fdc9fe5ca75e0d6d49e86388f3821d765171fb8baeccffcea;2018-06-30 00:00:00;2018;6;30;2
0fa8c855900f4b43d4dac9d64a133a0b7380ac6d5bb55727689856f404eaabb8;2018-12-25 00:00:00;2018;12;25;4
965d816e8b80a417be0de179049374d08ad07ca0d54b09d2893f13b2b0c91a5b;2018-12-08 00:00:00;2018;12;8;4
462c49207fc4a1de85169748c1accbc21c088293015c5d3ea2b90d4780903942;2017-05-10 00:00:00;2017;5;10;2
d448333d8a81458d77fec6c63fe9fd2fe4a8cb8086246351ea6ae1065348ee49;2017-01-27 00:00:00;2017;1;27;1
df2882be175ea8a689b4541bf50d40e77af2228f59dc787e8f171209024a723b;2018-04-22 00:00:00;2018;4;22;2
376842c19b8e0097af8980279ee29c71e708d2c035bcca5a976ccc550ff5f6a9;2018-12-26 00:00:00;2018;12;26;4
52a474ff46a7a52b38e5c6a0405624a02e3f6ed999ca7bb8ad8c817676505270;2018-09-29 00:00:00;2018;9;29;3
1ba18997bc1cc48ac995f08b3f2ffbab990a29311c7a5ad2935fe56dbe167132;2019-01-23 00:00:00;2019;1;23;1
612f8706583d75761c77870a24ddb7db0b9ea0b376b7304329b9e7c11915f8bc;2017-11-25 00:00:00;2017;11;25;4
86afaa38dfcd65ae5b307fdfc96a5fb862e8e92bbd667b17d71c70aca14fc627;2018-07-07 00:00:00;2018;7;7;3
021942e6470bf26c7076747a950e2fa8ebbe273567db5468f838cc7b6725a0b9;2018-12-10 00:00:00;2018;12;10;4
190063571c2d7c4462b47b93ef71354129e85a1a0b128cc83a2c894cc78cb3a9;2017-12-20 00:00:00;2017;12;20;4
5b82985cbc8b6e13e9b4c3c143ba22b3a4403efb77a0a1cf571ab902de691779;2017-08-06 00:00:00;2017;8;6;3
8928545da8707041f1496f215f693f097bd84951235531a3ae9e875ff92291cd;2018-03-10 00:00:00;2018;3;10;1
b5cb0a0a8efc67bfd55a61c4eaa7f4b3fc9db2950d037be7a589fc232dd63cd0;2019-02-14 00:00:00;2019;2;14;1
a57292c1e955097df7e1efbf2e00e6e446f0f0ed9da30cd4f113e57df3f196c4;2017-11-02 00:00:00;2017;11;2;4
261c7446bc15df772758c4940baa36f86a79578256443d2f44399ae4d5d13abf;2018-10-10 00:00:00;2018;10;10;4
bc46ab2c517e6c25ce643f81cdce4de649002aae9cca87bed8899d946f4392a8;2018-06-28 00:00:00;2018;6;28;2
17cd3fca22be6613f3c214b63d14b22da2e13a4bf4cdc7fe1033ae6a82bb292a;2018-04-15 00:00:00;2018;4;15;2
63d49dc2bfb601566f42671075e667e16c6377f52ac8de42609519fe2fde1231;2018-02-12 00:00:00;2018;2;12;1
2f037331441c9b420e8266634adbcd45220eb82f93395c34d4648366715b9152;2017-10-05 00:00:00;2017;10;5;4
9123856e85d78520bd2719ec3867e67c31576c8a978c1fefbacbd9a6dbf3b69c;2017-04-30 00:00:00;2017;4;30;2
9a818094e12b8079b7a1f6bcd94bc9dd05f31f864d0a63a8d7115c28ce36562f;2018-04-30 00:00:00;2018;4;30;2
a7df8f6682880caabb92e604bf790380d87d010f1e81b9428ede4de16eb8aab7;2017-06-16 00:00:00;2017;6;16;2
f69926e2ae91c75c7775073f17316f3a14e05c4b49cc1c0ff627aa11a1e20c36;2018-09-08 00:00:00;2018;9;8;3
7378dc10c060556657b09b1cd0d58d4e68f22c8e53888bd26f520e9dd8846173;2017-03-11 00:00:00;2017;3;11;1
893b9b2999f245391f23bf5b8000e5c89602c73e2f6682d41c78b44f45da46a3;2017-08-27 00:00:00;2017;8;27;3
63b788d1be022c47dd842fa838dfc9242652ac589e88f958a94205de49b29cfc;2019-01-14 00:00:00;2019;1;14;1
191483983d87dad967d03dad5b634946263e0e6c369b31bdcf1cabaa2255b510;2019-01-03 00:00:00;2019;1;3;1
399a4bab314e85e75c4a9212ebddbd835465a3123b7b61ce44a0195b39fbc020;2017-06-17 00:00:00;2017;6;17;2
411a30c7893766d314700e018b5ec7be958de0803c2864284f7e5706a83e68b3;2018-03-12 00:00:00;2018;3;12;1
a4635fd62717d586a4fb365a0ecd03defb0e1e30f0350a7ebc21a9d67e567ff9;2018-12-22 00:00:00;2018;12;22;4
faf3d4ce898b01e7fccdcd31ee5a19869cdca43485065ee1914847d11096ade7;2017-03-09 00:00:00;2017;3;9;1
9dbf6af1bfc2021812ff853200a76a37d8d04e303642fd9e51d3de5f75d20177;2017-07-05 00:00:00;2017;7;5;3
52a96861c5bfbce62a022869e7de08d17cee57ecfe69c36dbd5ec70b8ab55eaa;2017-09-08 00:00:00;2017;9;8;3
3f205184cf5394dbc76962a5666f6e128e7d6a214f5956a3b26071a4c9285a54;2017-05-17 00:00:00;2017;5;17;2
2474411e3a35ba1361633f00a89dd76c8b1f6d63b6e68102dfc82e15b766c8b8;2018-04-07 00:00:00;2018;4;7;2
4a8b37e703933b32bca9610bcb3c88603fead2401b4779286426555e10569be4;2018-11-03 00:00:00;2018;11;3;4
8056054ed7fda1fec2cdd6e0b9bcc45eb48fde29ae39edd9defc386f942560d6;2018-12-03 00:00:00;2018;12;3;4
c2464e0028aca048e1ed8a3e6731ef4c5fecba5b8288be4965e6e4e2aeb502b6;2018-07-09 00:00:00;2018;7;9;3
4540aa96422fbdede2630a8ffe8d025847ffe2e7154da33142ae3a532485a8e0;2018-05-02 00:00:00;2018;5;2;2
c75c097f1f564d42bc3c1b67c2c7077ec42c516ecbe5f351f3e852cad0eb7cb8;2017-01-28 00:00:00;2017;1;28;1
7b40ff92477d531822340acf6e8868d5213149950aee1734e394e19b8a996c6c;2017-06-04 00:00:00;2017;6;4;2
e3b19d4bdb766d20f30372384bea61a45a0608133af59aca2b2cc8d00a75d9b4;2018-10-01 00:00:00;2018;10;1;4
7e95ba4e16e3deeacca74846ddf97a73d1f951f67d5fe3ea7d68713aa2d0aa6d;2018-03-07 00:00:00;2018;3;7;1
422d6d682b70db30499d25ab7a5567a03ac15285945b9b6ce4f35ace85fccd36;2017-08-02 00:00:00;2017;8;2;3
f5d78507688e98816e247d0c0b60fd8317e1f336c0f36ef97fb39147b5ee1ba9;2017-09-20 00:00:00;2017;9;20;3
6f383c9d14b5691e868a98d02262bf852ac54c3e907aaad99f71c9202cec1e45;2018-02-05 00:00:00;2018;2;5;1
a66beb1ee0bc5767dda760ba9f995a396f20984a0f0dd3698db576331a1da4aa;2017-06-11 00:00:00;2017;6;11;2
47b2085ee5e215faf595a4919a40ddb068117f226bb918957b6c6fc865af2992;2018-04-18 00:00:00;2018;4;18;2
7392edb2c7750f6c4f2dde76238cb8c4f6236649fd496d4d103b5242d6fb2b1e;2018-03-13 00:00:00;2018;3;13;1
ee9775b291c5cf60a96946d77873de8d04e21a98aac2dc45d6212237f6859bdc;2018-02-04 00:00:00;2018;2;4;1
a1aa00ca16feaa4eed871f1ae19e80f7dc7ea8bee0e7b2af18c9567960c103db;2017-11-12 00:00:00;2017;11;12;4
c3b587676a3e84e7b669bbeed9366b9a6a51c895a45341046ab82beaf8d35785;2018-05-27 00:00:00;2018;5;27;2
2d79483c2e2791f84af7a8c59f6650acb735f9884befafd6c7650854d623506b;2018-07-16 00:00:00;2018;7;16;3
1f8439ab3da4d77346c16db4f2d003000ab15e82be97fd4ae531c99190cb3e10;2018-02-14 00:00:00;2018;2;14;1
cc0186ff901144beee1702d50262400be1e29caf7b19f2d1fd1b5b8b752e094d;2017-10-08 00:00:00;2017;10;8;4
1c96180b2b71bb06180be531f1862778dc942c7c754c15f4fe740bd8c63a562a;2018-04-24 00:00:00;2018;4;24;2
ffb915e907f5cca4e221afdab438e616bffed5990aa9e1172e0fd064eff1b757;2018-08-18 00:00:00;2018;8;18;3
9ef3738aabb87af016b75d20885dc373d630ae1f5a7de9e5ee7e5c2c10b25f62;2018-05-19 00:00:00;2018;5;19;2
7dc175a0b9364295d67c8a837e8158befd51e7225e55d463f2c0e6b8d9873e77;2017-02-03 00:00:00;2017;2;3;1
9acd65aad5fe709bdff732e53c277aa337aa4cc25ac8769a9da71ed9a10d86bd;2017-12-02 00:00:00;2017;12;2;4
dd4f13e2638fa49dd075f60aa35caa207941e7eea34403dc61eee355cbdd2115;2017-09-16 00:00:00;2017;9;16;3
63c43d9fbb673c51a40b2ad8cd7ad1d1848b88db15d296ede0a7e792bc0415a0;2018-02-20 00:00:00;2018;2;20;1
74a62c6c88006b770aa808305141badef883f60a458e6f4cda04af03103aeca0;2018-01-22 00:00:00;2018;1;22;1
d20ef1c8ab477f69308f6bfc56617dfebf1f829a8ef81939b80c5566b502c803;2017-02-11 00:00:00;2017;2;11;1
85ffb6117d30c588a020c1156e1fc84771e8ee44f81a5976cf9f6489f79c4472;2017-07-08 00:00:00;2017;7;8;3
89dfdc2d35d16d2daa7be8b18cd6462c12bd05bbec446a931e13a9eb70f59bd2;2017-08-18 00:00:00;2017;8;18;3
bd5b175e9565a9ad5763bf18fff507fee8c76ba0e8587ad865bf06d0741961dd;2017-12-28 00:00:00;2017;12;28;4
d518a45a2590151d14a27827d6ac5efe271edf1bce0932652fe5dfeecc6f4772;2019-01-27 00:00:00;2019;1;27;1
2aebe0b372658ab141b68780ab18b9d5830ea9cf96ac0d0645a67e402643fa7f;2019-01-15 00:00:00;2019;1;15;1
b0b21e2bc3c166e2a5baa34ae90438dd4065717541066310e54d291d5318c51d;2018-04-08 00:00:00;2018;4;8;2
76083447788b7faf1c7128264d924a6bf04de2eb47a07a2e385b9b5ed8b7272d;2017-01-13 00:00:00;2017;1;13;1
02b35d780d1b473f9e619ab9207fb9da564751a6ce433c5d11689e59e09da022;2017-07-09 00:00:00;2017;7;9;3
c524576457c0e8af6de6e2b30e9e10a108b80d7a802f4b0662ab55230b305cf8;2018-06-07 00:00:00;2018;6;7;2
cc4d9845944dc4668baea10f47c848dfea4f1ed8622589fbea6ca99939010bd8;2019-01-16 00:00:00;2019;1;16;1
1d6ae1aed0c3502936c873d3d24fee0fa6ee8b5e03b53c571aba4c7f1ea83d41;2017-02-23 00:00:00;2017;2;23;1
899bb846f64b96d7b82408b78220fbb476fb46e733a63e07d4fd2c1fd9d51f09;2017-07-06 00:00:00;2017;7;6;3
f9b55d973b1782d16e07bd0c35ddc16fc6fcecd9dfbb8cfe222b41d36cfe0d57;2017-03-04 00:00:00;2017;3;4;1
61fbf1659c6a1bde18f1a2e94a6104bd8ce4f4518af18aa220d2992ea1870348;2017-10-19 00:00:00;2017;10;19;4
4ca83edd25e8b2a8deb8ad2705fd8ad65b075eab2be6d393a62c583ce0670d9e;2018-05-30 00:00:00;2018;5;30;2
ac834e3c5361a4664f999d8afb87c83e5bb6e71fb327fd70392f32282b29303c;2018-05-15 00:00:00;2018;5;15;2
7477f7293e86a28307d162d2d01f992cfb47a27a3700fab94e788765e8890e54;2019-01-01 00:00:00;2019;1;1;1
823800a71509416b947919ebc1d399b14a7d3c2b3d65bf99ce27df0fc850005f;2018-07-10 00:00:00;2018;7;10;3
4eecf52619db695c825a0731d60dff69c9cacff22e07e8ac64c2cf5c7ed73ec2;2017-06-28 00:00:00;2017;6;28;2
b93e78caabb1d2c8c2f21c0f54e7388c613cec291c1584b1daffffb6090df681;2018-08-20 00:00:00;2018;8;20;3
6c4f7babfb02d420af09228fa3cdb054b3462a6d74e399e4ef42e9a06f6590e5;2017-05-07 00:00:00;2017;5;7;2
40e468bab9c05869d7f386e6102be210fa6145072b3c604b08222c3b7aaec4f8;2018-11-06 00:00:00;2018;11;6;4
5f7887416d03212898f8491d46a3592929d538f6eb1d72ccbac661a6d7c9b4eb;2018-02-22 00:00:00;2018;2;22;1
b84cec1ec978614eb4de6a13d4a977d8713187a41c33faa59f1938371a1100eb;2018-05-20 00:00:00;2018;5;20;2
5140366cf1746c33f3f4f76a1dcd145ec4abd7b3c1354f523461595f6ac87351;2018-12-05 00:00:00;2018;12;5;4
95f21557f174bc59bbb5adb92c2aa005f49c5d64e59361f5cd75c8fe60db5df3;2018-07-22 00:00:00;2018;7;22;3
38f7925e5d3e832b8792e95e053a89ff4697091914d62646927d1f6eaed3dc30;2017-11-17 00:00:00;2017;11;17;4
aa870cf677e7bd4263f935e2bff95179812e249e210486a34c7c970ae4e58204;2019-01-06 00:00:00;2019;1;6;1
2baa2dfb58d4b3317990739d65273bed1c6789d50b60c7365c4723994ea07633;2017-05-13 00:00:00;2017;5;13;2
cf2a885d5149c24058cb46c36459ec16bb87e7665a40ecd0a137d24c875fe114;2018-05-01 00:00:00;2018;5;1;2
fdc1c6242d2e5af0d9cd51df22f89e9d225ba4995290f1b692e573ae65e53a6c;2019-01-24 00:00:00;2019;1;24;1
1cb6593d36a176195d885b7549ef39219013b511319c326573fb31dab475bc4b;2019-02-17 00:00:00;2019;2;17;1
3b60eafabf71ae82b861bd365e77e75a35eec5716e3a8c50a00e216224c26f14;2018-01-09 00:00:00;2018;1;9;1
6cb97e9110ab4d7d10124d723d9e97c79905f6af3ddf8a2d481639cbd5ce8bc5;2018-08-29 00:00:00;2018;8;29;3
159f659fe652fad9c5dca76c6770280dd49a61f6f832b5c33119f17b3fbe3d98;2017-11-04 00:00:00;2017;11;4;4
4b9ca7d722ac252f77a215d6190c71c047f3d065f40e594d1dd5295bed299ae2;2018-10-22 00:00:00;2018;10;22;4
f0ffa0037474912226481bd47b6f5fe47b100450a25036d8d977703516631e63;2017-04-07 00:00:00;2017;4;7;2
360cf0a16dbf5c7f9ddc166645e4e432dd772030f79f9656985c24b89b1db7f3;2017-08-26 00:00:00;2017;8;26;3
dbe9b264791c5857f8d0f8072669c63e6e1dbc20053449481954276c2feafd89;2018-11-13 00:00:00;2018;11;13;4
400e966124473ebf14aef71e3902016c234534842bb8200d04703e02ec9cb40a;2018-12-31 00:00:00;2018;12;31;4
0a11d842c7f60cea8a0ee33083b09d37dd65abd084f017f8a324c689dc1eb974;2018-11-04 00:00:00;2018;11;4;4
356b9cf2b62c8795e64121daeffeb2aaf7ed4839bbdfee7d25f8c2959e836219;2017-02-09 00:00:00;2017;2;9;1
d8c5161da89e541d03f1ed898e65749e22412d84b71c21186cdd0e8a4eec1ade;2019-01-10 00:00:00;2019;1;10;1
80bad8da47b2c1a9bd947a3364bb95762762b3f9dd96faddbed9810eae2e8ead;2018-06-26 00:00:00;2018;6;26;2
83b7bf73dc6485bd6ddb3021c285163bdbf5328dd02e92484202ca6c1bf1df6a;2018-12-30 00:00:00;2018;12;30;4
1046ab98d17885422da96c190b15ef45b73cb70924f049764af3d36ddb2de880;2018-02-07 00:00:00;2018;2;7;1
dbfc7607fc199dcfb102c8d6555762b3eb54099480f0fe86ebed2cd22bc926b0;2018-03-06 00:00:00;2018;3;6;1
cf239c2c3d8128c738b0b276bf1c0271a0c9528e84df8b98a2ecef558561fd63;2017-02-02 00:00:00;2017;2;2;1
3676d1f84333d2dd887033c532b51d371ffafd2b72e0881561dbae8801437c4b;2017-06-10 00:00:00;2017;6;10;2
5bf74f8c7b5b696c578c978aa85f2776e40b985905189b035d314d856458cc2c;2017-12-24 00:00:00;2017;12;24;4
ce15dbc872e660835042427681dd4796e0998042e4229af6485a486351051ca7;2018-02-13 00:00:00;2018;2;13;1
9e554c8574f97f4174a43b80ec443b50487f31287d1356fb37adcdd6dc1e58cf;2018-09-19 00:00:00;2018;9;19;3
add81953698206aac49a61b423eca35a927906e4f6704909f08f6404107f2545;2018-05-23 00:00:00;2018;5;23;2
cf0560ff8b98578cd1fc73e6e9a43babc6ea44784aceb838785511d04850149e;2018-10-02 00:00:00;2018;10;2;4
5f0bfeda0435c90334040d5e444c0438717dc066f91c592e1bcb9fee08569c14;2017-09-30 00:00:00;2017;9;30;3
23eb57842bc9aebecc1390be54d5ac93f2762955bf4d66473ad4d8ed3097e048;2019-02-21 00:00:00;2019;2;21;1
afe92952b8a43a009ee2170cf0bf4915a2004900fdf02be1661873397a15a854;2018-04-01 00:00:00;2018;4;1;2
5971b7525267bd3d806ae1befe1d2140a9d9c761bf6e28a2a200485d00a830cf;2018-04-10 00:00:00;2018;4;10;2
45e36c5031dce6542d293eb0c26713fee89b79425b381d764a1e622d5f5b9320;2018-01-31 00:00:00;2018;1;31;1
a06cd46818da5239519cb5387a38234c0bf2d58e3e007f460dbb626b81c8fdae;2018-02-21 00:00:00;2018;2;21;1
76bf5fdfe368a612e122bbd89fefb780c7e1f84391936f43a907a942dc1d88b9;2017-02-01 00:00:00;2017;2;1;1
a6e3d76930fe76adb34502c7f2088f3bcf539886fd4a0896d32e4de85ff3dfbf;2019-01-09 00:00:00;2019;1;9;1
abaa7a46fa5cd446a3747457803992a3c618423c8a8548ebf7843e2400a409d1;2017-03-26 00:00:00;2017;3;26;1
4bf67298e5667df18ffb2d8e94062fb85fef7053e2748b876ab16dcd7e448ac3;2018-02-25 00:00:00;2018;2;25;1
8d392fc98a63dec649fda3b54fa4141748ec52237b97bfd252f309edc899469c;2017-03-17 00:00:00;2017;3;17;1
1d8b0930050f4698e231b25c58c391b38c589cee33e8f46b4ceffe61653d494e;2017-05-26 00:00:00;2017;5;26;2
755916d002654c111400e6db67ffb503a5a93b4400fe867e6563a2001a688d7a;2018-01-08 00:00:00;2018;1;8;1
73408f93a1a28f117b40e6fb92479108630d835fca1aae67af6975e53e125e83;2018-12-18 00:00:00;2018;12;18;4
ed6d6e5313494cb337f4fb2524e726dc9b1715059d2053b5b9dbf054f38e120e;2018-04-11 00:00:00;2018;4;11;2
58ec6a175a70a130920ad6beafcb890475f0ee29668ecdd76a847ec231b1659f;2017-09-06 00:00:00;2017;9;6;3
03f96375e219dbd3958351d4e8127ae0d1c2a9174b446298a25f44e7f8dbc7a2;2017-10-26 00:00:00;2017;10;26;4
bb9bff0901d6264573ec25d15e439c1b94531f1c4069ac4c091ebe00cefd64e6;2018-09-30 00:00:00;2018;9;30;3
1b4dfdd54ca9fe48f3a7135e6e833c0f7c9a78ed33062a144a05460542979a1a;2017-03-29 00:00:00;2017;3;29;1
fee6f376eb682b42d17906e4ce68037d98315cd8a36689771705c973d44b203c;2018-07-21 00:00:00;2018;7;21;3
e0ed404b4a6ce994bc7b66cec20df72f7a81fbf6bdd25ae7818999fe404f6123;2018-06-17 00:00:00;2018;6;17;2
d41a4f869cf1845298d68c8bd58dfcfccd318a2edf73dd3e0bd57cc16d73db4a;2018-10-09 00:00:00;2018;10;9;4
ae1cbf33db328cee54db062f77b48b63fbc45cf693e4dad843590e1140f33b5f;2017-04-19 00:00:00;2017;4;19;2
7e30411c1c062d305982e582cade53bfb54c81b5a6b7d47d786b19c9bee3992f;2018-11-12 00:00:00;2018;11;12;4
fc8711f214446a26e16fbe449ba60dbdb6a76f588c5017b52dd6687e930f17c3;2017-03-02 00:00:00;2017;3;2;1
f0787b0d73bcef19b4b92714cce7f69d89fd001dac8c5990480f0732c015a9cd;2017-06-22 00:00:00;2017;6;22;2
8d88dfce0a9a3cd76426375509e98bced93411f5cf165d2dd006c04f9602e099;2018-01-02 00:00:00;2018;1;2;1
68d45807bfba66bd2b0a3bf3ac1469604a00e3c8ac8ca5b8f62ba9ae069664b1;2017-07-21 00:00:00;2017;7;21;3
3d735b21dd2483e78e5069eb3d686b76943b916e500b85a0c1e0753514fb4dc9;2017-09-27 00:00:00;2017;9;27;3
060e98abc10fa2ab3d485d6775058990d1328120bd61161a2b436a66fe84d9b5;2018-09-03 00:00:00;2018;9;3;3
b3a79014a7a82b06700b06c112db4b2eccc07edd1eee04aa406fd32613975b09;2018-05-14 00:00:00;2018;5;14;2
29a616c99ad75e248b9efaa9ea6a700e5c8b3b91a9d65c87cf314144ee516a3b;2018-09-10 00:00:00;2018;9;10;3
0ee383cfaa7477b8bdf852c8060cb32d6a1e7ae9199b6d1f5c3ce1275576d6d8;2017-11-03 00:00:00;2017;11;3;4
43a9b5294e5d3ea54a6e6bc3f00f908c388a638e4ab865f155145740b4d43768;2018-04-14 00:00:00;2018;4;14;2
48ccbd25bdfb98542cdb294ad7b2b971442298ffd4fc0435d3df4f4a6b1c1878;2017-07-22 00:00:00;2017;7;22;3
115ec27c25835791e8328511217e6b010eab9dee5d275db8c8cdc2aaa5b1e047;2018-05-21 00:00:00;2018;5;21;2
646a222b4ca78cd2269ddc5a8c346056c0e8e94141a1a563844d6444db910612;2018-08-15 00:00:00;2018;8;15;3
9b99e5a52296a190b1efed1f10ee3ed366499dcde2ce04199db772ea9294f7c0;2018-07-28 00:00:00;2018;7;28;3
aa4aa515178c60b133330b370c24750ad09babdb523dd3c595f3dfa9522c39af;2017-04-06 00:00:00;2017;4;6;2
931ba47f2071248f6c55223dcb069ed95e79abd6be66b0b133e9401aad90d2e6;2018-01-11 00:00:00;2018;1;11;1
833fd33a97140c439a131ba5ae6d3cb722bd1a82b1b83a19a4bcce44e2ba6ca4;2017-11-08 00:00:00;2017;11;8;4
9d7d8602b523940831b0c20a13db0d159623437d553da4ead2926bcd1f4e8d1f;2017-08-09 00:00:00;2017;8;9;3
a0fa25e62bb92a02bdef338501c02e8b7050e05178f87defa33398d86d78db2f;2018-10-17 00:00:00;2018;10;17;4
8ea9383ae551dbb2a073711031550eb3140cd035ba45e215d312c1db709be634;2017-03-12 00:00:00;2017;3;12;1
87b9c61f6e91ca662a719d7b2959e9b72982ba75dbe915fe7d99e52d8c251449;2017-11-15 00:00:00;2017;11;15;4
74a413336163050946b7fc0037e0207f735ebdab85ed6d918c37eb9be18ace74;2017-12-01 00:00:00;2017;12;1;4
cabd35792f0b069a0861ba397b5232cf4c00a646facb6440de71ddc68d5f2f9c;2018-07-30 00:00:00;2018;7;30;3
abeb4c7c86cc4f693702aa7d2ba448358a6de47b81384b738b7a5fa0a6d9a8ac;2018-06-16 00:00:00;2018;6;16;2
deac28a43657ee03db25bb5af0e636d7fd117196ae7628ad94d4e5f7c26e4f0e;2017-07-28 00:00:00;2017;7;28;3
b8ae63a73205bbf84061f75e19b3c02349798a9dd667795a2d38beef25801bde;2019-02-04 00:00:00;2019;2;4;1
af0536c3ed7544d11cd45a058ccb0f9c696892e1fc560013768dfbeb565ca553;2018-04-21 00:00:00;2018;4;21;2
6bc080f25dc54824a9b7dc4b1ab92e784a258fd9e7046b7a9192aaaadc23a4f6;2018-03-18 00:00:00;2018;3;18;1
4add96a0fb6043ebca408fc528db1f2f7fc72f589249791656c6ea7ed9102d2c;2017-05-21 00:00:00;2017;5;21;2
117e196ff440e849e636bf0c1c3773cd7dead3865a405de28321bec3ebdfaaf4;2019-01-20 00:00:00;2019;1;20;1
0147e33392da502745679a144170586f739517e0bcf0e24140c302063fb65cca;2017-05-24 00:00:00;2017;5;24;2
e96d17136b003badfe0ca99d26be515f00327460c71fc6d1135578ab8cde35ba;2017-09-10 00:00:00;2017;9;10;3
a2713355866462ac62c4b64966541b0937ddd7acc64ec20d03eac91ab5a975f0;2019-02-12 00:00:00;2019;2;12;1
f67cf5868a4718ba44e2ffcd440df2025c4a0f5bab506d30be5641ce9e49c523;2017-03-31 00:00:00;2017;3;31;1
106754e5948bc4dc24d45258a12c99d6b21e0486a157c89f21ef2885454e388b;2019-01-08 00:00:00;2019;1;8;1
8297db585390c6833ac94eaa3a112a78a223a85f0161b34db2cc9faaa3f7f8cd;2018-05-12 00:00:00;2018;5;12;2
a715cefb48cea27bc6c794c26170cdeaabe284183743877332fc8156727359e4;2018-01-25 00:00:00;2018;1;25;1
381eb8adf41644e469c652ed047799d3f6e04561c2aacf5144daf2f302d0fb93;2018-03-24 00:00:00;2018;3;24;1
65b8f54eec51a01c8787b47148b7684034c1a17709f239cde2d4f3626e099357;2017-04-26 00:00:00;2017;4;26;2
f90f1e5e8d71054f2923a8ae50a7394e439a013319ad188ad8261e145726bf0b;2017-05-27 00:00:00;2017;5;27;2
c32c79edd7a6880531910fbb2d9b97fe16bc467a242bf377a6540fdfeee4c4bf;2018-12-09 00:00:00;2018;12;9;4
8d2b92242abc3aeccb637efa62262a30a3d922b0568dcf65425d0296b0dc2206;2019-03-13 00:00:00;2019;3;13;1
bb4b4dfb65472864fa10a13666a2cb86d8f5bd412370697a206c645b88b426c7;2017-09-09 00:00:00;2017;9;9;3
49b67ca6955f47cb8f0432458b8947a98bc44268981aff9c2bb7377598a6d86c;2018-03-17 00:00:00;2018;3;17;1
b5c130d75401405c22eb0aa11beef593a85a6fd40b500e548f0ef6b22543db49;2019-03-19 00:00:00;2019;3;19;1
259689f959f5a2811d1ceffebd26eeab64fd4b6586b94132d85a2ce12d629f5d;2017-06-24 00:00:00;2017;6;24;2
e9488c910e947b6a980fefd26b263f660e596edc20def4230d97f292bb332a0e;2017-10-13 00:00:00;2017;10;13;4
6c9ddd2f6b65c0d6150b2f1ce40ffc214d743b517a4528cad0c1a19cb45eabe0;2018-11-26 00:00:00;2018;11;26;4
84be870146665b869b0d769942f579643b7b57e00f495ba47e02e2633b191b31;2017-05-05 00:00:00;2017;5;5;2
602b012e588ffaa652795762616e452165432e4cb4b0c9a649f5cab11b72146d;2017-08-10 00:00:00;2017;8;10;3
7d44fbea89c4a056f9bc7ace607004024333f5ffac9142b675a9c8c58696d742;2018-07-25 00:00:00;2018;7;25;3
7977f56c7bfd7892a5a7863055da56b4e94a69e9caaac3ce5d85558c49af6a30;2018-10-14 00:00:00;2018;10;14;4
54384f957ab0d9cd6b1ed7c792da3017e0a156b9076e27ac95677588708075f9;2017-06-02 00:00:00;2017;6;2;2
4df05598a22d7d62594fd731a5b90581414ed99795c1314d0c14c265cc3663bc;2017-06-14 00:00:00;2017;6;14;2
8c6f025365547127c1ba3535f4ff9ac4b56c437705af6a3d9abffa5802cadc38;2017-10-22 00:00:00;2017;10;22;4
e610297983e2bb6acae6f4ad1939c10bc18b0ae4fe305c257892e723c47b57ea;2019-01-30 00:00:00;2019;1;30;1
cb5332bf24b6f73ff711e8cb9dc94416057fb13e001bd04d69dffb7d11dee129;2018-04-17 00:00:00;2018;4;17;2
5e28a2100f52bb307cea7858c144c1949cf186542bcc9db58445c03ece53d2af;2018-12-16 00:00:00;2018;12;16;4
1edc014046b1cdb812dfd7cf19e65921a57ff6e0b027d658497dd01bc95ab3ea;2017-12-27 00:00:00;2017;12;27;4
e5781fac6b1115105ec2589f1b013c372fe4fef86d57e1f5a9195e4c1d5a538a;2018-09-26 00:00:00;2018;9;26;3
64181633cb7bdf22795248696e7b2105530e06c38876a78098f05b5c9a6fea79;2017-10-01 00:00:00;2017;10;1;4
d71cf9c8ca95907aa980ebf1328c723dcfd6461ad3dbff63e6d95b8652811c93;2018-12-12 00:00:00;2018;12;12;4
c75dfc65e53d52add2f18e80590bcd0a2df18d56ac2fe234056d04d60e6ae82f;2018-11-21 00:00:00;2018;11;21;4
6b1da85d0c32f097d19d6423a58723590c27c459a1a0ab1b8e965ad2d5c60917;2018-02-26 00:00:00;2018;2;26;1
61cf02d740a76a520f3ec3e80fff979087aa9e199bc34f7667621f216b991223;2018-08-06 00:00:00;2018;8;6;3
1a4e2066d8458803d2322ff3c1447d6d1115a71c4baa305dae8841721f653ce1;2019-02-18 00:00:00;2019;2;18;1
ad91d4cfc0053852597a82dec7050ed6c03c451640304797bedd3de08e281995;2017-08-13 00:00:00;2017;8;13;3
424eccf397db523673b2577f35d32a00f4e057f2e3126ec4efe8083107690bac;2017-07-23 00:00:00;2017;7;23;3
6b58106cd87cb7ce4c98b94cc3115863bce11faacc4f5f3969f50c068965be01;2017-12-15 00:00:00;2017;12;15;4
646ca3262005651cebc251267a40093998a2c61cda40cbd965a3de3ae1f2abf6;2018-10-30 00:00:00;2018;10;30;4
d054a550f4852360b9c6018476a70a6825be548f5cbb180b55e9916773c875d3;2018-01-05 00:00:00;2018;1;5;1
9b703186ed8f7b185ba493590710c2b34f12aa4ba9081e507d5f6659871bb337;2019-01-28 00:00:00;2019;1;28;1
5f83518b1be67c6e83c12d312725a8efb9f0ea941f68d2d8177787561caf616b;2017-10-15 00:00:00;2017;10;15;4
495838e39a26bcd548edac96f6588354dc7631d166b98e04f8e410c3c500cd12;2017-10-25 00:00:00;2017;10;25;4
e0dd221f784287eb8d3f8d9f33d149f11b64091c08c108e5a9ddc0b24d459f2a;2019-03-20 00:00:00;2019;3;20;1
d4260b3432b99fba5517b85bf2beedc1033a1826627f7184106c90aa055089c8;2018-09-11 00:00:00;2018;9;11;3
d079d3daacbd7336372c629e959a60b1dc583117961c4b2343dd785d577b8559;2018-01-06 00:00:00;2018;1;6;1
bf21fb2e1bdb84d09703c4a3a9c149b6252278201b68472303dcc81fe462788a;2017-02-17 00:00:00;2017;2;17;1
da2cf5e7563eef107ba4514dc9c491a19736049c9225b54161a22c267cfeb8cd;2018-07-08 00:00:00;2018;7;8;3
cfcef36ef5499c700b14cbfdff2df9790cf2a54c187278cc721801d728615821;2018-07-23 00:00:00;2018;7;23;3
d7afddda9128ad1476cf4f0a255267d03fad7d227b26c504238dee62eceb91c8;2018-05-07 00:00:00;2018;5;7;2
e3bab5246b1d58507c5765feabdc9a5db0ac5a8b2cc142d9158269fd3e59c9fa;2018-11-25 00:00:00;2018;11;25;4
ea580b8eb1f998fe2fc55579d5b38593dcb626ecf9ff6ec2e88e00ef86710f65;2019-02-27 00:00:00;2019;2;27;1
9ce28e013d01408239b245ad3936fc15d5dbfe63361235d694746b7bf10cf22a;2018-11-10 00:00:00;2018;11;10;4
21f338b385cb6571c3041fa3ecbdc9cfb18ca39aab00acdc7a66d746521165ae;2017-05-19 00:00:00;2017;5;19;2
b9c8811b3f9f94106cfa3bf78408584077066d674eb0d233e179cffd3acbdfc7;2017-10-28 00:00:00;2017;10;28;4
a9be8a0077c57a0174ec57443931d060a599b8c4ba22026afb8311f33320eaac;2017-05-18 00:00:00;2017;5;18;2
f02ee414e990e20d10b3dc949599591a933bc1fceaf6529762e5efc33e54d7d2;2018-08-04 00:00:00;2018;8;4;3
4237651f4f2f572c70a8254a3eb57a712eb86d84eefa67fbd5bf3f97f12bc129;2018-12-24 00:00:00;2018;12;24;4
dde9cc3cd8819841727c445a0eb1a539cc4161422d344b5b64b9ebad5f61d48a;2018-03-21 00:00:00;2018;3;21;1
024c7a87b52337366ea496ff09bf619a475be247a82c0439ca3664bf8007a0c1;2018-12-04 00:00:00;2018;12;4;4
f87a667f775711bed8a21ed295daa269399689017509d60c3921da311dcf8432;2017-01-18 00:00:00;2017;1;18;1
7f98372d60a8af9e8e931c2917e9120a120dd00c7ed10df31e480bf8d761bcc0;2017-04-14 00:00:00;2017;4;14;2
5579944266709d1179e1dbfcc2d93c59e08a403144ef724e1321bf88ffab7033;2019-02-26 00:00:00;2019;2;26;1
6d865018cab6466425cd2cae47cd94eb335bbdbaf349bc38546b40a04ba08887;2018-08-28 00:00:00;2018;8;28;3
5dd18d75f9a7a8856602a0dab58497159b2ab1d338ec231fcdf33ab7e6c61dbc;2018-10-15 00:00:00;2018;10;15;4
d38a0fd47b0c0f3044bfa808441f91af9d997db9c4a9f3b06d3563d9097e2b73;2018-10-16 00:00:00;2018;10;16;4
5e5a78328713bf073ce1204a4e10781bc931badde5e0903f4070edd020574986;2017-06-03 00:00:00;2017;6;3;2
9c51122b51e8bff5291225554fed385c0e4f70e0569b59895f4e81ecb37da83a;2017-11-19 00:00:00;2017;11;19;4
0a935f8894e8b5ef77bd2c93ad5b511e245cb6aa2f54daadab8c3567f7067663;2017-12-16 00:00:00;2017;12;16;4
9eaaee1c57f12421a7144870028d3e2cf1584e63d2030d4d875c309233c2c205;2018-12-19 00:00:00;2018;12;19;4
52c903828d9256fff8b98a676a6592c6a77bb54d640b61e6d8e53dfd9c2c0470;2017-11-24 00:00:00;2017;11;24;4
5c3fba3ffe3f8d15a670b06e9aca2fa947a052b6aae3b6d3e79b6fe2219ffaa5;2019-03-21 00:00:00;2019;3;21;1
5fb3e90a593f49e98c7304e04b1ea05009fe2f5aea9671a9666bbc9cabc4b6dd;2018-01-03 00:00:00;2018;1;3;1
274c364f2c3b80117e70866581b23d4106ae4eb8d1c2e035880e89a4b66782dc;2017-06-09 00:00:00;2017;6;9;2
a01bfaff06c2033b50fa4f3fbb0638f33233fb688b62ee1c77ffe5117482ea4b;2017-09-15 00:00:00;2017;9;15;3
25f3a34a657840dffb79f5ba26712a211bec410189d2ae5a21b40fc6a465cb19;2019-03-05 00:00:00;2019;3;5;1
3aa6f3314177290d24458de787525e11d855c055dbd3e9f2d16fd47e9ef2b80b;2017-03-10 00:00:00;2017;3;10;1
86d8f0594d0a6978c5f6a3d6918f57952b47541bd95488d9ab245af2bbedc9e6;2017-08-03 00:00:00;2017;8;3;3
4470b85baa27c718554e06d00e13be0ec777f06660b6f4d0ade28ebb4f650223;2018-10-31 00:00:00;2018;10;31;4
8d5b423ef2229e6f66454218bf0d6a8ce5b92a2d4aa8b78ed669f2d15e8dfa55;2018-05-13 00:00:00;2018;5;13;2
bb32be6a597b55825edb2471c2d3eece991edac21f8ef0caf2320de7e21cc770;2017-12-07 00:00:00;2017;12;7;4
7bc6fd459820181ff3f55d233d23f1db1902c7d01e016324cebf07877fc9750c;2019-02-10 00:00:00;2019;2;10;1
989967f7e23db98278ae653b734be664a7f10f99be8c2feae9413fd39c775583;2018-03-04 00:00:00;2018;3;4;1
3fc0535b9aaa9fa993cb774786b3a07ad4a1211bf37c03248da705e026c20118;2017-04-13 00:00:00;2017;4;13;2
50f3756ab7419ccb7aeb46425652a945ff151ff91d9907c5edb783376a172b4f;2017-04-23 00:00:00;2017;4;23;2
00bd6a9b153233196c48538b44acf1a6a0080abd55ad77775fadd2e7e54c460c;2017-12-23 00:00:00;2017;12;23;4
6ba6ad2fb347e864c09fae4d01c925f94e98142491690d4a10a0225ffc4a5e94;2019-03-06 00:00:00;2019;3;6;1
2304d7e15e5a639561b9dfb91fb40b2edfca918f2f4c5fc85bb3559ef5ee9b08;2018-06-21 00:00:00;2018;6;21;2
da0f86c0d74d3a544213bae1d155cb7877a2c604ba696e1168db97b74dc5aa2c;2018-01-10 00:00:00;2018;1;10;1
0bc74239fc442027be52ab6a07046dc40d02f0f3123137e764cb6b3a8685536c;2019-02-05 00:00:00;2019;2;5;1
db26fbc7ff5662de445113cb3ea2cdc7e2a42adda9731861ae020b222fb2e693;2018-08-11 00:00:00;2018;8;11;3
d0122a27d027b34ea427238ffc3e2558b078170a8dce3094b49f4988789b872d;2018-10-21 00:00:00;2018;10;21;4
59561ae2835a61ed93352fa0ed512dff71806b8af0adecac6231e8adf6554546;2017-12-03 00:00:00;2017;12;3;4
54101dab862fd344a8e211a5aa7ef9ec4f21fbf00d9ec2b6585a77928053f006;2017-05-11 00:00:00;2017;5;11;2
eaa1f526127ca63ac00ee51fe543a70796813797adbdc18ec0191de3dc5077d1;2017-11-26 00:00:00;2017;11;26;4
7d0ff64bbfefbdb77cc77bf7a8177dd478dba16b1757f1f87be7a2c6f3825ab9;2018-01-14 00:00:00;2018;1;14;1
be1dee1ff10e9428fc5741036fc6db6211399da4b6028dc2f119eca2c6d7670e;2018-10-24 00:00:00;2018;10;24;4
a7b8bd766c8346fcbca1402349570c91c109ca2928b96e8087bdac7ab9e4d95b;2019-01-13 00:00:00;2019;1;13;1
9f9d5cca990cbce0c32e8618a6dfce8aae77974d210a1cc50b0d2a29857de0e8;2017-11-16 00:00:00;2017;11;16;4
4a499abb47f6488724975a4242d139b5ad6f8de8ee79fab880c20bc7f032ef36;2017-11-23 00:00:00;2017;11;23;4
83fa385aba5a5eb002ebf930f4268d9c9d92415a730d2f80d02a3b6881493c36;2018-08-19 00:00:00;2018;8;19;3
5929b58289ba879e09c1f3f17ee5658c765d60aad682d41543d2dca44725249a;2018-09-02 00:00:00;2018;9;2;3
280b0cc009c1a47d1cacdee096cc29db8d2fe651a7bf45ed377cac2dedde8b45;2017-04-27 00:00:00;2017;4;27;2
c0195477e7a4285deed56ce0cacd23c94e134a5ecaef407134fb3b4fa1db9363;2017-09-03 00:00:00;2017;9;3;3
61cb285f40466ef67ae7c64aa02a2cbeabb9c2b4940ef6a9c2514253b18b4321;2019-03-07 00:00:00;2019;3;7;1
3ed34b63539dfe64f7dac0ff67988cdffbd570b5c6dff0a181d52971ad8b1a80;2018-01-04 00:00:00;2018;1;4;1
d937c68405abbb5751e26c97ec2f4c22eb509745f3b36e05ff36f688c16c1988;2019-03-10 00:00:00;2019;3;10;1
632b1ba421e07fd3e6be133206e4100e58363739e7adcde2032d25ed33754898;2018-11-17 00:00:00;2018;11;17;4
3e0b70205249910ef2adaf7fb2fed43dd79bbeacda2c616ea315535307f46080;2017-01-21 00:00:00;2017;1;21;1
bccbd18fcdc6cb7273b4d155150281c13e4c36c056519e97d9d857d2e256fc7d;2018-01-18 00:00:00;2018;1;18;1
cd802fcc64a5f3ee4d2df835ae0aade320aa87a6dd9e4f2b4e198a0614a33c6e;2018-07-18 00:00:00;2018;7;18;3
9690fa5d3f6400be4e6ae639b21973830c97ec3e98a3df375a9eb8e8cd0786e8;2018-06-25 00:00:00;2018;6;25;2
57698a9df9d410e591cba60c690a53e420a9b1a609dab99128e38f3416db24d1;2017-03-05 00:00:00;2017;3;5;1
df8eb6a584e8ca6e0b98896a3bbfc63d0b06bbff521dab955d1e0f957aa6bc60;2019-01-22 00:00:00;2019;1;22;1
65797fa8244321efc38a5d679a21bee29c7d31f5a8d64a92751b4c459afaebcd;2018-05-16 00:00:00;2018;5;16;2
827fde1957696ba7f2a0aa9ccfacdaf264bef0565626120e88e1fc0edf3d3be4;2017-12-09 00:00:00;2017;12;9;4
e3eb482da45560c659d68b736a40af07f2bc77abc711722bb1435dfa653d5058;2018-10-08 00:00:00;2018;10;8;4
dd8b67686e25ff925ad5172f14e98beb89c242190c2299842c1b99b69f21488e;2017-01-25 00:00:00;2017;1;25;1
5e6c9565f462273bd4aa532960c0528e2b87e84c6dec46617d451f9f202bb788;2017-05-14 00:00:00;2017;5;14;2
d6056dec67393b3e0b97f8b4aa30b2fcf1758dad2f7c951bdf045e7b6aedd11a;2017-05-20 00:00:00;2017;5;20;2
7b3f1806ac1f7fd40e71a4b3aba803f22bcf5915287a39242b62033cf06fbf4b;2018-07-31 00:00:00;2018;7;31;3
6a3ab71d6d4b394ab05850fba9ddc67bb4f0a8b4e2b1d79d66e8977a519486d8;2019-01-21 00:00:00;2019;1;21;1
37b42284f036f73220fc03d18244c0c9b4e50e86e37b8b41a3e56604afc84e32;2018-02-01 00:00:00;2018;2;1;1
d6a401951c1fa1e515b6040a97da51c922afb58cf9d3352903a367eb00d567d5;2017-06-01 00:00:00;2017;6;1;2
d3b6306dcf2f9c579c2119d78b4db82c9f5ea34812e48782d4ef5774346175f3;2017-05-25 00:00:00;2017;5;25;2
dfc810c9a4dfb1123ea2e4690352ae3b1a817b3bd0c71449366def26c9fac03e;2018-03-27 00:00:00;2018;3;27;1
7f9f3122da4db6d1858f1e0d3690f7b6fc1d52f4f3118515ea036d8ec88f4b92;2019-02-11 00:00:00;2019;2;11;1
707dc8556cb5a4e6f9e870cfad01608eaa10c97b8b8593fa174b2d086f956cef;2018-07-17 00:00:00;2018;7;17;3
cc261472fe62cf134a94fdc5ad2020c54ff9888454375196c32bde7a5c5a7788;2018-03-20 00:00:00;2018;3;20;1
350296b6e443a8d4214a50b5352f61177b32e8088f13c6fb7e0459f23dd84e91;2017-04-28 00:00:00;2017;4;28;2
c19b8efe4215b0c638fbccfefb14b0b0b0f0343d2cfd421fdb24b9842775c4d0;2017-11-18 00:00:00;2017;11;18;4
185ae26c5d8c5554b1e5d3dc47e89c0e265ca5c9398c2e221833868f5f8af98e;2018-07-01 00:00:00;2018;7;1;3
d3c59a21f94abbbb0eaa3eab68bda24444951383e787121c7c69e4dada1e4c88;2017-03-16 00:00:00;2017;3;16;1
d5c0af41ba83ae910c122ce9f92607d41a6acb2ed31c678ae8290769ed9fa5e3;2017-09-07 00:00:00;2017;9;7;3
04c783e636e54e28bd8ab2585ef6f0b3d1f1882c5b5cefc013906f0d4718c4b2;2017-11-22 00:00:00;2017;11;22;4
12b17cac01369034bd3017a1ab6525857a7213d523df78e1e2d0be41b005a181;2018-12-02 00:00:00;2018;12;2;4
cd7a793c1d6941ca117285edc0d2880b753fbc54dff0c3f336e5d9d444e6a63e;2017-09-02 00:00:00;2017;9;2;3
509982083299a20125a578718b111b456c4ac0c1b543350057783d3e84f1afd3;2018-04-25 00:00:00;2018;4;25;2
5089c96e78b9dba24361835623ab6283c09ac60b2ae3d36ca2f5ed121966c98f;2018-08-07 00:00:00;2018;8;7;3
0ef17794fc0bb5f5b230a9e286db78d599a8fa3fd15aa848eda5d0d0aac2bfb6;2017-03-19 00:00:00;2017;3;19;1
47158784bac2628997c2ef0343ca0259d769319e76e2e4c7745dd2baeecf331e;2017-03-24 00:00:00;2017;3;24;1
37f1b081c4616f322f89eecec2a7542a7e1768a8011421a2958342c6f5a6c07d;2017-08-24 00:00:00;2017;8;24;3
4d092604ec8c961be39b5174fef7c13c0b989b3136a47877278408234bd784ff;2017-11-29 00:00:00;2017;11;29;4
